-- MySQL Script generated by MySQL Workbench
-- Mon Apr  3 23:39:01 2023
-- Model: New Model    Version: 1.0
-- MySQL Workbench Forward Engineering

SET @OLD_UNIQUE_CHECKS=@@UNIQUE_CHECKS, UNIQUE_CHECKS=0;
SET @OLD_FOREIGN_KEY_CHECKS=@@FOREIGN_KEY_CHECKS, FOREIGN_KEY_CHECKS=0;
SET @OLD_SQL_MODE=@@SQL_MODE, SQL_MODE='ONLY_FULL_GROUP_BY,STRICT_TRANS_TABLES,NO_ZERO_IN_DATE,NO_ZERO_DATE,ERROR_FOR_DIVISION_BY_ZERO,NO_ENGINE_SUBSTITUTION';

-- -----------------------------------------------------
-- Schema escola
-- -----------------------------------------------------

-- -----------------------------------------------------
-- Schema escola
-- -----------------------------------------------------
CREATE SCHEMA IF NOT EXISTS `escola` DEFAULT CHARACTER SET utf8 ;
USE `escola` ;

-- -----------------------------------------------------
-- Table `escola`.`turma`
-- -----------------------------------------------------
CREATE TABLE IF NOT EXISTS `escola`.`turma` (
  `codigo` VARCHAR(10) NOT NULL,
  `professor` VARCHAR(60) NOT NULL,
  `ano` YEAR(4) NULL,
  `semestre` INT NULL,
  `numero_disciplina` VARCHAR(45) NULL,
  PRIMARY KEY (`codigo`))
ENGINE = InnoDB;


-- -----------------------------------------------------
-- Table `escola`.`aluno`
-- -----------------------------------------------------
CREATE TABLE IF NOT EXISTS `escola`.`aluno` (
  `prontuario` VARCHAR(10) NOT NULL,
  `nome` VARCHAR(150) NOT NULL,
  `data_nascimento` DATE NOT NULL,
  `genero` VARCHAR(2) NOT NULL,
  `altura` FLOAT NULL,
  `peso` FLOAT NULL,
  `etnia` VARCHAR(45) NULL,
  `turma_codigo` VARCHAR(10) NOT NULL,
  PRIMARY KEY (`prontuario`),

  CONSTRAINT `fk_aluno_turma1`
    FOREIGN KEY (`turma_codigo`)
    REFERENCES `escola`.`turma` (`codigo`)
    ON DELETE NO ACTION
    ON UPDATE NO ACTION)
ENGINE = InnoDB;


-- -----------------------------------------------------
-- Table `escola`.`disciplina`
-- -----------------------------------------------------
CREATE TABLE IF NOT EXISTS `escola`.`disciplina` (
  `codigo` VARCHAR(10) NOT NULL,
  `nome` VARCHAR(50) NOT NULL,
  `area` VARCHAR(45) NULL,
  `aulas_semanais` TINYINT(2) NULL,
  `carga_horaria` INT NULL,
  PRIMARY KEY (`codigo`))
ENGINE = InnoDB;


-- -----------------------------------------------------
-- Table `escola`.`pre_requisito`
-- -----------------------------------------------------
CREATE TABLE IF NOT EXISTS `escola`.`pre_requisito` (
  `numero_pre_requisito` VARCHAR(10) NOT NULL,
  `disciplina_codigo` VARCHAR(10) NOT NULL,
  PRIMARY KEY (`numero_pre_requisito`, `disciplina_codigo`),
 
  CONSTRAINT `fk_pre_requisito_disciplina1`
    FOREIGN KEY (`disciplina_codigo`)
    REFERENCES `escola`.`disciplina` (`codigo`)
    ON DELETE NO ACTION
    ON UPDATE NO ACTION)
ENGINE = InnoDB;


-- -----------------------------------------------------
-- Table `escola`.`aluno_disciplina`
-- -----------------------------------------------------
CREATE TABLE IF NOT EXISTS `escola`.`aluno_disciplina` (
  `aluno_prontuario` VARCHAR(10) NOT NULL,
  `disciplina_codigo` VARCHAR(10) NOT NULL,
  `nota` FLOAT NULL,
  PRIMARY KEY (`aluno_prontuario`, `disciplina_codigo`),
 
  CONSTRAINT `fk_aluno_has_disciplina_aluno1`
    FOREIGN KEY (`aluno_prontuario`)
    REFERENCES `escola`.`aluno` (`prontuario`)
    ON DELETE NO ACTION
    ON UPDATE NO ACTION,
  CONSTRAINT `fk_aluno_has_disciplina_disciplina1`
    FOREIGN KEY (`disciplina_codigo`)
    REFERENCES `escola`.`disciplina` (`codigo`)
    ON DELETE NO ACTION
    ON UPDATE NO ACTION)
ENGINE = InnoDB;


SET SQL_MODE=@OLD_SQL_MODE;
SET FOREIGN_KEY_CHECKS=@OLD_FOREIGN_KEY_CHECKS;
SET UNIQUE_CHECKS=@OLD_UNIQUE_CHECKS;

INSERT INTO turma values ('DBE1', 'Renato Bueno', 2023, 1,'DBE123') ; 
INSERT INTO turma values ('DBE2', 'Renato Bueno', 2023, 1,'DBE123') ; 

INSERT INTO aluno (prontuario, nome, data_nascimento, genero, altura, peso, etnia,
 turma_codigo)
VALUES 
('GU1234567', 'João Silva', '2005-02-15', 'M', 1.70, 65, 'Branca', 'DBE1'),
('GU2345678', 'Maria Santos', '2004-07-12', 'F', 1.60, 50, 'Parda','DBE1'),
('GU3456789', 'Pedro Souza', '2003-09-02', 'M', 1.80, 75, 'Preta','DBE1'),
('GU4567890', 'Ana Oliveira', '2005-05-20', 'F', 1.55, 48, 'Branca','DBE1'),
('GU5678902', 'Lucas Almeida', '2004-11-10', 'M', 1.75, 70, 'Indígena','DBE1'),
('GU6789012', 'Julia Costa', '2003-03-30', 'F', 1.68, 60, 'Amarela','DBE1'),
('GU7890123', 'Felipe Pereira', '2005-06-25', 'M', 1.72, 68, 'Branca','DBE1'),
('GU890123x', 'Gabriela Fernandes', '2004-04-18', 'F', 1.62, 52, 'Parda','DBE1'),
('GU9012345', 'Rafaela Santos', '2003-11-22', 'F', 1.67, 63, 'Branca','DBE1'),
('GU0123456', 'Gustavo Lima', '2005-01-05', 'M', 1.79, 72, 'Parda','DBE1'),
('GU9234567', 'Paulo Oliveira', '2004-08-15', 'M', 1.78, 74, 'Preta','DBE1'),
('GU8345678', 'Carolina Silva', '2003-12-02', 'F', 1.65, 55, 'Branca','DBE1'),
('GU7456789', 'Marcelo Souza', '2005-04-20', 'M', 1.83, 80, 'Indígena','DBE1'),
('GU6567890', 'Fernanda Santos', '2004-02-10', 'F', 1.58, 49, 'Amarela', 'DBE1'),
('GU5678901', 'Leonardo Almeida', '2003-07-30', 'M', 1.77, 71, 'Branca','DBE1'),
('GU4789012', 'Amanda Costa', '2005-09-25', 'F', 1.70, 62, 'Parda','DBE1'),
('GU3890123', 'Vinicius Pereira', '2004-05-18', 'M', 1.76, 69, 'Branca','DBE1'),
('GU2901234', 'Isabela Fernandes', '2003-02-22', 'F', 1.63, 54, 'Preta','DBE1'),
('GU1012345', 'Mariana Santos', '2005-10-05', 'F', 1.64, 57, 'Branca','DBE1');

INSERT INTO Disciplina (codigo, nome, area, aulas_semanais, carga_horaria) VALUES 
  ('MAT', 'Matemática', 'Matemática', 2, 76),
  ('POR', 'Português', 'Linguagens', 2, 76),
  ('BGA', 'Biologia', 'Ciências da Natureza', 2, 76),
  ('FCA', 'Física', 'Ciências da Natureza', 2, 76),
  ('HTA', 'História', 'Ciências Humanas', 2, 76),
  ('GFA', 'Geografia', 'Ciências Humanas', 2, 76),
  ('QCA', 'Química', 'Ciências da Natureza', 2, 76),
  ('ATE', 'Arte', 'Linguagens',0,0),
  ('EDF', 'Educação Física', 'Linguagens', 2 , 76),
  ('IGL', 'Inglês', 'Linguagens', 2 , 76),
  ('FFA', 'Filosofia', 'Ciências Humanas', 2, 76),
  ('SGA', 'Sociologia', 'Ciências Humanas', 2, 76),
  ('DBE','Desenvolvimento Back-end com banco de dados', 'Núcleo Estruturante Tecnológico', 2, 76),
  ('LDP','Lógica de Programação para Internet', 'Núcleo Estruturante Tecnológico', 2, 76),
  ('PTI','Projeto integrado em tecnologia da informação', 'Núcleo Estruturante Tecnológico', 1, 38);


#  
select * from disciplina;  
 #
 
 insert into aluno_disciplina (aluno_prontuario, disciplina_codigo, nota) values
 ('GU0123456', 'DBE', 10),
('GU1012345', 'DBE', 5),
('GU1234567', 'DBE', 7),
('GU2345678', 'DBE', 8),
('GU2901234', 'DBE', 3),
('GU3456789', 'DBE', 6),
('GU3890123', 'DBE', 5.5),
('GU4567890', 'DBE', 4),
('GU4789012', 'DBE', 9),
('GU5678901', 'DBE', 9.5),
('GU5678902', 'DBE', 8.5),
('GU6567890', 'DBE', 7.5),
('GU6789012', 'DBE', 9),
('GU7456789', 'DBE', 7.5),
('GU7890123', 'DBE', 6.5),
('GU8345678', 'DBE', 3.5),
('GU890123x', 'DBE', 2.5),
('GU9012345', 'DBE', 1.5),
('GU9234567', 'DBE', 7.5);
 
 # seleciona todos as colunas da tabela aluno_disciplina
 #select * from aluno_disciplina;
 
 insert into pre_requisito (numero_pre_requisito, disciplina_codigo) values
 (1, 'DBE'),
 (2, 'LDP');
 
 # seleciona todos as colunas da tabela turma
 #select * from turma;
 
# Conta a quantidade de alunos por etnia
#select count(*) as quantidade, etnia from 
#aluno group by etnia;

/*
select round(avg(altura),2) 
	as media_altura, count(*)
    as quantidade, 
    etnia from aluno group by etnia;
    

select round(avg(peso),2) 
	as media_de_peso, count(*)
    as quantidade, 
    etnia from aluno group by etnia;

select round(avg(altura),2) as altura,
	count(*) as quantidades_por_genero,genero
    from aluno where genero = 'F'
UNION
select round(avg(altura),2) as altura,
	count(*) as quantidade_por_genero, genero 
    from aluno where genero = 'M';

select count(*) from aluno;
select * from aluno; */